{"cameraMode":{"drawMode":0,"name":"Shaded","section":"Shading Mode"},"sceneLighting":true,"audioPlay":false,"sceneViewState":{"showFog":true,"showMaterialUpdate":false,"showSkybox":true,"showFlares":true,"showImageEffects":true,"showParticleSystems":true},"in2DMode":false,"pivot":{"x":22.286643981933595,"y":-65.84346771240235,"z":-25.652360916137697},"rotation":{"x":0.17081396281719209,"y":-0.7582585215568543,"z":0.21968334913253785,"w":0.5895805954933167},"size":246.5849151611328,"orthographic":false}